ratio,note_num,duration_diff,midi_path
0.178518043988896,313.5,0.030683031854476996,"Sergei_Rachmaninoff/13_Preludes,_Op._32/No._2_in_B-Flat_Minor/00006.mid"
0.18571872089413227,498.5,0.02999699176256674,"Sergei_Rachmaninoff/13_Preludes,_Op._32/No._10_in_B_Minor:_Lento/00044.mid"
0.10872035760284869,205.0,0.0005931000380583441,"Sergei_Rachmaninoff/13_Preludes,_Op._32/No._9_in_A_Major/00059.mid"
0.20471606871459497,635.0,0.04623120484280344,"Sergei_Rachmaninoff/10_Preludes,_Op._23/No._2_in_B-Flat_Major/00213.mid"
0.2991756090821167,928.0,0.05487209529388838,"Sergei_Rachmaninoff/10_Preludes,_Op._23/No._2_in_B-Flat_Major/00214.mid"
0.14652663545489053,386.0,0.011520144539407258,"Sergei_Rachmaninoff/Piano_Sonata_No._2_in_B-Flat_Minor,_Op._36_-_1913_Version/2._Non_allegro_-_Lento/00246.mid"
0.14007782101167315,832.0,0.06779618822887504,"Sergei_Rachmaninoff/Piano_Sonata_No._2_in_B-Flat_Minor,_Op._36_-_1913_Version/1._Allegro_agitato/00257.mid"
0.14818024263431542,228.0,0.05592155469584711,"Sergei_Rachmaninoff/9_Etudes-Tableaux,_Op.33/No.6_in_E_Flat_Minor/00285.mid"
0.17027729636048525,262.0,0.040089041480314926,"Sergei_Rachmaninoff/9_Etudes-Tableaux,_Op.33/No.6_in_E_Flat_Minor/00286.mid"
0.2378682842287695,366.0,0.02299300725874522,"Sergei_Rachmaninoff/9_Etudes-Tableaux,_Op.33/No.6_in_E_Flat_Minor/00287.mid"
0.17287694974003465,266.0,0.00139464818602618,"Sergei_Rachmaninoff/9_Etudes-Tableaux,_Op.33/No.6_in_E_Flat_Minor/00288.mid"
0.13518197573656845,208.0,0.0013946481860260434,"Sergei_Rachmaninoff/9_Etudes-Tableaux,_Op.33/No.6_in_E_Flat_Minor/00289.mid"
0.13518197573656845,208.0,0.020505215899214408,"Sergei_Rachmaninoff/9_Etudes-Tableaux,_Op.33/No.6_in_E_Flat_Minor/00290.mid"
0.1395039858281665,455.0,0.04260965017120299,"Franz_Liszt/3_Etudes_de_concert,_S._144/No._2_in_F_Minor/00326.mid"
0.10522421192837057,237.0,0.017490289044019853,"Franz_Liszt/Années_de_pèlerinage_II,_Italie,_S._161/No._6,_Sonetto_123_del_Petrarca/00336.mid"
0.1509545656356371,340.0,0.017490289044019853,"Franz_Liszt/Années_de_pèlerinage_II,_Italie,_S._161/No._6,_Sonetto_123_del_Petrarca/00337.mid"
0.2588426816634601,583.0,0.025104381029967038,"Franz_Liszt/Années_de_pèlerinage_II,_Italie,_S._161/No._6,_Sonetto_123_del_Petrarca/00338.mid"
0.2615065857629125,589.0,0.029835273470442077,"Franz_Liszt/Années_de_pèlerinage_II,_Italie,_S._161/No._6,_Sonetto_123_del_Petrarca/00340.mid"
0.12706119056991644,581.0,0.01869017441640582,"Franz_Liszt/Lieder_von_Schubert,_S._558/No._4,_Erlkönig/00353.mid"
0.1368881814564266,1032.0,0.014804996949833464,"Franz_Liszt/Années_de_pèlerinage,_1st_Year,_S._160_""Switzerland""/No._6._Vallee_d'Obermann_(Valley_of_Obermann)/00372.mid"
0.1276031303886457,962.0,0.0013002451135791645,"Franz_Liszt/Années_de_pèlerinage,_1st_Year,_S._160_""Switzerland""/No._6._Vallee_d'Obermann_(Valley_of_Obermann)/00373.mid"
0.13211301233585357,996.0,0.06930752679595757,"Franz_Liszt/Années_de_pèlerinage,_1st_Year,_S._160_""Switzerland""/No._6._Vallee_d'Obermann_(Valley_of_Obermann)/00374.mid"
0.2293560606060606,346.0,0.023994786464098947,"Alexander_Scriabin/12_Etudes,_Op._8/No._11_in_B-Flat_Minor/00458.mid"
0.22405303030303028,338.0,0.08000612940482073,"Alexander_Scriabin/12_Etudes,_Op._8/No._11_in_B-Flat_Minor/00462.mid"
0.11957730812013348,215.0,0.011158757272246645,"Alexander_Scriabin/12_Etudes,_Op._8/No._5_in_E_Major/00477.mid"
0.11957730812013348,215.0,0.01115875727224685,"Alexander_Scriabin/12_Etudes,_Op._8/No._5_in_E_Major/00478.mid"
0.18120805369127516,324.0,0.011747600501946063,"Alexander_Scriabin/2_Poèmes,_Op._32/2._Poème_in_D/00497.mid"
0.18120805369127516,324.0,0.011747600501946063,"Alexander_Scriabin/2_Poèmes,_Op._32/2._Poème_in_D/00498.mid"
0.2563938618925831,200.5,0.03607713293450058,"Robert_Schumann/Kinderszenen,_Op._15/5._Glückes_genug/00776.mid"
0.11631341301460824,391.0,0.04307188984426341,"Robert_Schumann/Kreisleriana,_Op._16/II._Sehr_innig_und_nicht_zu_rasch/01010.mid"
0.129830536983306,247.0,0.07971791395162978,"Robert_Schumann/Kreisleriana,_Op._16/III._Sehr_aufgeregt/01070.mid"
0.12772801816576257,243.0,0.08740613174016047,"Robert_Schumann/Kreisleriana,_Op._16/III._Sehr_aufgeregt/01083.mid"
0.14229880973529935,267.0,0.0,"Robert_Schumann/Bunte_Blatter,_Op._99/Abendmusik/01175.mid"
0.14040648890546337,502.0,0.021858625582951825,"Robert_Schumann/Bunte_Blatter,_Op._99/Scherzo/01180.mid"
0.11864661654135339,263.0,0.06667319489665989,"Robert_Schumann/Bunte_Blatter,_Op._99/Novelette/01185.mid"
0.5158734549800268,3108.0,0.07855032416938056,"Robert_Schumann/Faschingsschwank_aus_Wien,_Op._26/I._Allegro/01264.mid"
0.2501355523342665,1507.0,0.06694704472747935,"Robert_Schumann/Faschingsschwank_aus_Wien,_Op._26/I._Allegro/01272.mid"
0.2923004251299008,1326.0,0.08465610761730993,"Robert_Schumann/Faschingsschwank_aus_Wien,_Op._26/V._Finale/01298.mid"
0.10949072556859148,257.0,0.0680349776278723,"Robert_Schumann/Waldszenen,_Op._82/8._Jagdlied/01369.mid"
0.13608753212366637,233.0,0.055610396480639236,"Robert_Schumann/Waldszenen,_Op._82/9._Abschied/01452.mid"
0.3670125614418351,672.0,0.06595058190075696,"Robert_Schumann/Carnaval,_Op._9/1._Préambule/01491.mid"
0.22318725237460854,860.0,0.016483302466913978,"Robert_Schumann/Carnaval,_Op._9/19-20._Pause-Marche_des_Davidsbundler_contre_les_Philistins/01512.mid"
0.13892564763934057,326.0,0.01629192640063972,"Robert_Schumann/8_Fantasiestücke,_Op._12/2._Aufschwung/01537.mid"
0.1487271503869014,349.0,0.003201975903220469,"Robert_Schumann/8_Fantasiestücke,_Op._12/2._Aufschwung/01538.mid"
0.23976342129208372,263.5,0.01102639351781442,"Robert_Schumann/8_Fantasiestücke,_Op._12/1._Des_Abends/01591.mid"
0.10554800775072942,338.5,0.04800056991444049,"Robert_Schumann/8_Fantasiestücke,_Op._12/8._Ende_vom_Lied/01601.mid"
0.1644802779571928,527.5,0.05941222666147008,"Robert_Schumann/8_Fantasiestücke,_Op._12/8._Ende_vom_Lied/01602.mid"
0.10960155014588299,351.5,0.05291362834979161,"Robert_Schumann/8_Fantasiestücke,_Op._12/8._Ende_vom_Lied/01606.mid"
0.2933433621662279,312.0,0.041998354066637475,"Johann_Sebastian_Bach/English_Suite_No.5_in_E_minor,_BWV_810/3._Courante/01720.mid"
0.2698382850695751,287.0,0.0399934526407682,"Johann_Sebastian_Bach/English_Suite_No.5_in_E_minor,_BWV_810/3._Courante/01721.mid"
0.11973568281938327,302.0,0.08200895267564916,"Johann_Sebastian_Bach/English_Suite_No.6_in_D_minor,_BWV_811/7._Gigue/01736.mid"
0.24066079295154186,607.0,0.07909751679658462,"Johann_Sebastian_Bach/English_Suite_No.6_in_D_minor,_BWV_811/7._Gigue/01742.mid"
0.237488986784141,599.0,0.04897883027397656,"Johann_Sebastian_Bach/English_Suite_No.6_in_D_minor,_BWV_811/7._Gigue/01743.mid"
0.21415866239772324,301.0,0.010367808174750755,"Johann_Sebastian_Bach/English_Suite_No.6_in_D_minor,_BWV_811/3._Courante/01761.mid"
0.20917822838847386,294.0,0.04030671691493085,"Johann_Sebastian_Bach/English_Suite_No.6_in_D_minor,_BWV_811/3._Courante/01762.mid"
0.18811687677123032,275.0,0.09851478117804525,"Johann_Sebastian_Bach/English_Suite_No.6_in_D_minor,_BWV_811/2._Allemande/01782.mid"
0.22799458328203864,231.5,0.05238015825344803,"Johann_Sebastian_Bach/Partita_No._2_in_C_minor,_BWV_826/3._Courante/01831.mid"
0.41497326203208557,388.0,0.08512496071706849,"Johann_Sebastian_Bach/French_Suite_No.2_in_C_minor,_BWV_813/6._Gigue/01961.mid"
0.42566844919786095,398.0,0.08305517985461189,"Johann_Sebastian_Bach/French_Suite_No.2_in_C_minor,_BWV_813/6._Gigue/01962.mid"
0.3130198094662029,230.0,0.06580793510717993,"Johann_Sebastian_Bach/Partita_No._3_in_A_minor,_BWV_827/6._Scherzo/01998.mid"
0.3102978980795403,228.0,0.08694657039799533,"Johann_Sebastian_Bach/Partita_No._3_in_A_minor,_BWV_827/6._Scherzo/01999.mid"
0.1445464318200612,218.5,0.04284139463253537,"Johann_Sebastian_Bach/English_Suite_No.4_in_F,_BWV_809/2._Allemande/02062.mid"
0.22591581906888283,341.5,0.08475122642354407,"Johann_Sebastian_Bach/English_Suite_No.4_in_F,_BWV_809/2._Allemande/02068.mid"
0.22393119986769205,338.5,0.08502728764529605,"Johann_Sebastian_Bach/English_Suite_No.4_in_F,_BWV_809/2._Allemande/02069.mid"
0.18946873530794547,201.5,0.02335256162267997,"Johann_Sebastian_Bach/French_Suite_No._1_in_D_minor,_BWV_812/6._Gigue/02122.mid"
0.167710648615882,207.5,0.08939608937203981,"Johann_Sebastian_Bach/French_Suite_No._4_in_E-Flat_Major,_BWV_815a/IX._Gigue/02147.mid"
0.1693271367953122,209.5,0.07653382717237071,"Johann_Sebastian_Bach/French_Suite_No._4_in_E-Flat_Major,_BWV_815a/IX._Gigue/02148.mid"
0.167710648615882,207.5,0.07653382717237062,"Johann_Sebastian_Bach/French_Suite_No._4_in_E-Flat_Major,_BWV_815a/IX._Gigue/02149.mid"
0.3241150442477876,586.0,0.06252412426671289,"Johann_Sebastian_Bach/Keyboard_Sonata_in_C_Major,_BWV_966/II._Fugue/02163.mid"
0.3241150442477876,586.0,0.06252412426671289,"Johann_Sebastian_Bach/Keyboard_Sonata_in_C_Major,_BWV_966/II._Fugue/02164.mid"
0.3243317718379719,588.5,0.05853740291481996,"Johann_Sebastian_Bach/Keyboard_Sonata_in_C_Major,_BWV_966/IV._Allemande/02165.mid"
0.3243317718379719,588.5,0.058537402914819826,"Johann_Sebastian_Bach/Keyboard_Sonata_in_C_Major,_BWV_966/IV._Allemande/02166.mid"
0.27321260337066894,290.0,0.008023064064664515,Johann_Sebastian_Bach/English_Suite_No.1_in_A_major_BWV_806/5._Sarabande/02191.mid
0.24494923060818594,260.0,0.002164657177182934,Johann_Sebastian_Bach/English_Suite_No.1_in_A_major_BWV_806/5._Sarabande/02192.mid
0.19027237354085605,326.0,0.025499241177097592,Johann_Sebastian_Bach/English_Suite_No.1_in_A_major_BWV_806/2._Allemande/02202.mid
0.5598322908790982,543.0,0.055516514406185595,"Johann_Sebastian_Bach/Goldberg_Variations,_BWV_988/Aria/02272.mid"
0.5567392947968933,540.0,0.052463553938793574,"Johann_Sebastian_Bach/Goldberg_Variations,_BWV_988/Aria/02273.mid"
0.31494252873563217,205.5,0.06667354259061929,"Johann_Sebastian_Bach/Goldberg_Variations,_BWV_988/Var._5_a_1_ovvero_2_Clav./02311.mid"
0.25473546701502287,292.5,1.1838194610147978e-06,"Johann_Sebastian_Bach/Goldberg_Variations,_BWV_988/Var._29_a_1_ovvero_2_Clav./02307.mid"
0.2974091008055737,341.5,0.0787235206222536,"Johann_Sebastian_Bach/Goldberg_Variations,_BWV_988/Var._29_a_1_ovvero_2_Clav./02308.mid"
0.3339865011974744,383.5,0.09091804488901224,"Johann_Sebastian_Bach/Goldberg_Variations,_BWV_988/Var._29_a_1_ovvero_2_Clav./02357.mid"
0.19235723486474882,224.0,0.09265525294800049,"Johann_Sebastian_Bach/Goldberg_Variations,_BWV_988/Var._20_a_2_Clav./02246.mid"
0.24559896951481322,286.0,0.008971670910122841,"Johann_Sebastian_Bach/Goldberg_Variations,_BWV_988/Var._20_a_2_Clav./02253.mid"
0.24817518248175183,289.0,0.035467772475153696,"Johann_Sebastian_Bach/Goldberg_Variations,_BWV_988/Var._20_a_2_Clav./02256.mid"
0.2874162323157111,289.5,0.07999969998706111,"Johann_Sebastian_Bach/Partita_No._5_In_G_Major,_BWV_829/4._Sarabande/02486.mid"
0.17527916827108203,284.5,0.006481228248661707,"Johann_Sebastian_Bach/Partita_No._5_In_G_Major,_BWV_829/2._Allemande/02495.mid"
0.26968344155844154,221.5,0.015898939644193966,"Johann_Sebastian_Bach/The_Well-Tempered_Clavier,_Book_I/No._16_in_G_Minor,_BWV_861:_Prelude/02578.mid"
0.19534429431873676,300.0,0.08276153652810132,"Johann_Sebastian_Bach/The_Well-Tempered_Clavier,_Book_I/No._3_in_C-Sharp_Major,_BWV_848:_Fugue/02695.mid"
0.2570896294762989,621.0,0.013009477727751972,"Johann_Sebastian_Bach/The_Well-Tempered_Clavier,_Book_I/No._20_in_A_Minor,_BWV_865:_Fugue/02705.mid"
0.1469675015524736,355.0,0.02220418428162308,"Johann_Sebastian_Bach/The_Well-Tempered_Clavier,_Book_I/No._20_in_A_Minor,_BWV_865:_Fugue/02707.mid"
0.16384359664397655,207.0,0.08662760367625957,"Johann_Sebastian_Bach/The_Well-Tempered_Clavier,_Book_I/No._10_in_E_Minor,_BWV_855:_Prelude/02709.mid"
0.2176666138990027,275.0,0.03593399786360958,"Johann_Sebastian_Bach/The_Well-Tempered_Clavier,_Book_I/No._10_in_E_Minor,_BWV_855:_Prelude/02711.mid"
0.2684070227042927,365.0,0.06808112647293019,"Johann_Sebastian_Bach/French_Suite_No.6_in_E,_BWV_817/8._Gigue/02827.mid"
0.26914238441033184,366.0,0.06960028571689049,"Johann_Sebastian_Bach/French_Suite_No.6_in_E,_BWV_817/8._Gigue/02828.mid"
0.3865435356200528,293.0,0.0921624611870518,"Johann_Sebastian_Bach/French_Suite_No.6_in_E,_BWV_817/7._Bourrée/02831.mid"
0.521108179419525,395.0,0.05332809879010723,"Johann_Sebastian_Bach/French_Suite_No.6_in_E,_BWV_817/7._Bourrée/02832.mid"
0.5171503957783641,392.0,0.08989257289696306,"Johann_Sebastian_Bach/French_Suite_No.6_in_E,_BWV_817/7._Bourrée/02837.mid"
0.25379635079458507,539.0,0.0019444787137505382,"Johann_Sebastian_Bach/Das_Wohltemperierte_Klavier_Book2/Book_2,_BWV_870-893:_Prelude_in_G_Sharp_Minor,_BWV_887/02897.mid"
0.24061212477928193,511.0,0.0019444787137505382,"Johann_Sebastian_Bach/Das_Wohltemperierte_Klavier_Book2/Book_2,_BWV_870-893:_Prelude_in_G_Sharp_Minor,_BWV_887/02899.mid"
0.19720168954593453,373.5,0.08827227768465813,"Johann_Sebastian_Bach/Das_Wohltemperierte_Klavier_Book2/Book_2,_BWV_870-893:_Fugue_in_E_minor_BWV_879/02908.mid"
0.22624076029567053,428.5,0.08827227768465827,"Johann_Sebastian_Bach/Das_Wohltemperierte_Klavier_Book2/Book_2,_BWV_870-893:_Fugue_in_E_minor_BWV_879/02909.mid"
0.40766159221362613,544.5,0.08994154096688858,"Johann_Sebastian_Bach/Das_Wohltemperierte_Klavier_Book2/Book_2,_BWV_870-893:_Fugue_in_E_major_BWV_878/02888.mid"
0.40766159221362613,544.5,0.08994154096688846,"Johann_Sebastian_Bach/Das_Wohltemperierte_Klavier_Book2/Book_2,_BWV_870-893:_Fugue_in_E_major_BWV_878/02890.mid"
0.29851719080984196,458.0,0.04675368795733066,"Johann_Sebastian_Bach/Das_Wohltemperierte_Klavier_Book2/Book_2,_BWV_870-893:_Fugue_in_D_sharp_minor_BWV_877/02918.mid"
0.29851719080984196,458.0,0.05727164034511857,"Johann_Sebastian_Bach/Das_Wohltemperierte_Klavier_Book2/Book_2,_BWV_870-893:_Fugue_in_D_sharp_minor_BWV_877/02920.mid"
0.2998207593286622,460.0,0.09098747721910358,"Johann_Sebastian_Bach/Das_Wohltemperierte_Klavier_Book2/Book_2,_BWV_870-893:_Fugue_in_D_sharp_minor_BWV_877/02921.mid"
0.1395741631692087,454.5,0.016280587795130728,"Claude_Debussy/Images,_Book_1,_L._110/No._3,_Mouvement/02968.mid"
0.16340581288945052,250.0,0.005881454137997103,"Claude_Debussy/Préludes,_Book_1,_L._117/No._3,_Le_vent_dans_la_plaine/03042.mid"
0.17451740816593314,267.0,0.0687459122883187,"Claude_Debussy/Préludes,_Book_1,_L._117/No._3,_Le_vent_dans_la_plaine/03045.mid"
0.6825811264453562,732.0,0.05262840559328454,"Claude_Debussy/Préludes,_Book_2,_L._123/No._1,_Brouillards/03194.mid"
0.1245919691666339,352.0,0.050888361708758295,Modest_Mussorgsky/Pictures_at_an_Exhibition/X._The_Great_Gate_at_Kiev/03350.mid
0.133086876155268,376.0,0.05059637914908596,Modest_Mussorgsky/Pictures_at_an_Exhibition/X._The_Great_Gate_at_Kiev/03351.mid
0.19786054194360325,559.0,0.05855586189339451,Modest_Mussorgsky/Pictures_at_an_Exhibition/X._The_Great_Gate_at_Kiev/03353.mid
0.11786683446729854,333.0,0.09919210524959876,Modest_Mussorgsky/Pictures_at_an_Exhibition/X._The_Great_Gate_at_Kiev/03354.mid
0.18936563495496914,535.0,0.001648651851636694,Modest_Mussorgsky/Pictures_at_an_Exhibition/X._The_Great_Gate_at_Kiev/03355.mid
0.5093874194874607,531.0,0.08948939810519406,Modest_Mussorgsky/Pictures_at_an_Exhibition/IV._Bydlo/03397.mid
0.2997416020671835,304.5,0.09901254237502566,Modest_Mussorgsky/Pictures_at_an_Exhibition/V._Ballet_of_the_Chickens_in_their_Shells/03408.mid
0.20327304048234282,206.5,1.1906493838733684e-05,Modest_Mussorgsky/Pictures_at_an_Exhibition/V._Ballet_of_the_Chickens_in_their_Shells/03410.mid
0.22917481423543215,293.0,0.05296946249003092,Modest_Mussorgsky/Pictures_at_an_Exhibition/II._Old_Castle/03418.mid
0.10693946424804894,507.0,0.07119685221233177,"Maurice_Ravel/Miroirs,_M._43/No._3,_Une_barque_sur_l'océan/03422.mid"
0.16970740103270224,246.5,0.02691745366627276,"Maurice_Ravel/Miroirs,_M._43/No._5,_La_vallée_des_cloches/03434.mid"
0.12067078761349856,510.0,0.05412788491753273,"Maurice_Ravel/Miroirs,_M._43/No._4,_Alborada_del_gracioso/03443.mid"
0.1396599690880989,251.0,0.02660248789004946,"Maurice_Ravel/Sonatine,_M._40/I._Modéré/03464.mid"
0.22931992193364362,235.0,0.04463799783516951,"Maurice_Ravel/Sonatine,_M._40/II._Mouvement_de_Menuet/03480.mid"
0.13839951130116065,354.0,0.03566695821174357,"Maurice_Ravel/Sonatine,_M._40/III._Animé/03486.mid"
0.11048250423686572,511.5,0.003580237837695891,"Maurice_Ravel/Gaspard_de_la_nuit,_M.55/Ondine/03516.mid"
0.1258190316075945,880.0,0.0,"Maurice_Ravel/Gaspard_de_la_nuit,_M.55/Scarbo/03555.mid"
0.13210998318797423,924.0,0.03151645777535075,"Maurice_Ravel/Gaspard_de_la_nuit,_M.55/Scarbo/03559.mid"
0.1150958186864927,805.0,0.03151506831601052,"Maurice_Ravel/Gaspard_de_la_nuit,_M.55/Scarbo/03564.mid"
0.24909410912102703,601.5,0.09630986759197432,"Maurice_Ravel/Le_Tombeau_de_Couperin,_M.68/No._4._Rigaudon/03620.mid"
0.1749946842440995,411.5,0.05278668844213365,"Dmitri_Shostakovich/Preludes_and_Fugues_for_Piano,_Op.87/Prelude_&_Fugue_No.12_in_G_sharp_minor:_Fugue/03690.mid"
0.1749946842440995,411.5,0.05278668844213351,"Dmitri_Shostakovich/Preludes_and_Fugues_for_Piano,_Op.87/Prelude_&_Fugue_No.12_in_G_sharp_minor:_Fugue/03691.mid"
0.1361845807540799,242.0,0.08394122220037688,"Dmitri_Shostakovich/Preludes_and_Fugues_for_Piano,_Op.87/Prelude_&_Fugue_No.4_in_E_minor:_Fugue/03746.mid"
0.1361845807540799,242.0,0.08394122220037707,"Dmitri_Shostakovich/Preludes_and_Fugues_for_Piano,_Op.87/Prelude_&_Fugue_No.4_in_E_minor:_Fugue/03747.mid"
0.10567455843667795,351.5,0.07872418093131137,"Franz_Schubert/Piano_Sonata_No._6_in_E_Minor,_D._566_""Unfinished""_(Version_in_3_Movements)/I._Moderato/03817.mid"
0.2857653791130186,1598.0,0.0322770620060042,"Franz_Schubert/Piano_Sonata_No._15_in_C_Major,_D._840_""Reliquie""/IV._Rondo._Allegro/03824.mid"
0.2857653791130186,1598.0,0.03227706200600434,"Franz_Schubert/Piano_Sonata_No._15_in_C_Major,_D._840_""Reliquie""/IV._Rondo._Allegro/03825.mid"
0.1307194483926573,910.0,0.03416194764662996,"Franz_Schubert/Piano_Sonata_No.19_in_C_minor,_D.958/1._Allegro/03858.mid"
0.22286207889432766,258.0,0.08333015016177779,"Franz_Schubert/6_Moments_musicaux,_Op.94_D.780/No.3_in_F_minor_(Allegro_moderato)/03924.mid"
0.18185157972079352,495.0,0.08987138998566727,"Franz_Schubert/6_Moments_musicaux,_Op.94_D.780/No.1_in_C_(Moderato)/03952.mid"
0.1119387796637766,250.0,0.002201178300313992,"Franz_Schubert/6_Moments_musicaux,_Op.94_D.780/No.5_in_F_minor_(Allegro_vivace)/03965.mid"
0.32535245605333285,1488.5,0.05772957166235507,"Franz_Schubert/Piano_Sonata_No.13_in_A,_D.664/3._Allegro/03978.mid"
0.3174836697463661,1452.5,0.06919787336547532,"Franz_Schubert/Piano_Sonata_No.13_in_A,_D.664/3._Allegro/03991.mid"
0.3236038368740069,1480.5,0.07078577002630972,"Franz_Schubert/Piano_Sonata_No.13_in_A,_D.664/3._Allegro/03993.mid"
0.10027788424683787,299.0,0.0,"Franz_Schubert/Piano_Sonata_No.4_in_A_minor,_D.537/2._Allegretto_quasi_andantino/04015.mid"
0.13643162060262362,417.0,0.09551864987905893,"Franz_Schubert/Piano_Sonata_No._20_in_A_Major,_D._959/3._Scherzo_(Allegro_vivace)/04032.mid"
0.1534446764091858,469.0,0.06896685807987785,"Franz_Schubert/Piano_Sonata_No._20_in_A_Major,_D._959/3._Scherzo_(Allegro_vivace)/04044.mid"
0.10925413678299901,776.0,0.04381574931471255,"Franz_Schubert/Piano_Sonata_No._20_in_A_Major,_D._959/4._Rondo_(Allegretto)/04053.mid"
0.22725130713820885,533.0,0.01810335810093207,"Franz_Schubert/Piano_Sonata_No._20_in_A_Major,_D._959/2._Andantino/04085.mid"
0.19143684222336918,449.0,0.020831389209232436,"Franz_Schubert/Piano_Sonata_No._20_in_A_Major,_D._959/2._Andantino/04087.mid"
0.11400835800104475,873.0,0.07154179370306335,"Franz_Schubert/Piano_Sonata_No._20_in_A_Major,_D._959/1._Allegro/04099.mid"
0.11753438969179872,900.0,0.06844997389028094,"Franz_Schubert/Piano_Sonata_No._20_in_A_Major,_D._959/1._Allegro/04100.mid"
0.12171339021417378,932.0,0.054949565302383624,"Franz_Schubert/Piano_Sonata_No._20_in_A_Major,_D._959/1._Allegro/04103.mid"
0.16131742564274912,1020.0,0.04216966837596934,"Franz_Schubert/Piano_Sonata_No.17_in_D,_D.850/3._Scherzo_(Allegro_vivace)/04129.mid"
0.10530279495796736,658.0,0.04424212284688089,"Franz_Schubert/Piano_Sonata_No.17_in_D,_D.850/4._Rondo_(Allegro_moderato)/04135.mid"
0.1837465463252901,1385.5,0.08024716018602354,"Franz_Schubert/Piano_Sonata_No.17_in_D,_D.850/1._Allegro_vivace/04153.mid"
0.12130413727209664,662.0,0.09722303000736161,"Franz_Schubert/Piano_Sonata_No.17_in_D,_D.850/2._Con_moto/04171.mid"
0.10646178814967998,581.0,0.06944443238794984,"Franz_Schubert/Piano_Sonata_No.17_in_D,_D.850/2._Con_moto/04173.mid"
0.10341643582640812,350.0,0.035198711402613256,"Franz_Schubert/Piano_Sonata_No.18_in_G,_D.894/2._Andante/04189.mid"
0.11754804869456296,462.0,0.05050005243241321,"Franz_Schubert/Piano_Sonata_No._16_in_A_Minor,_Op._42,_D._845/IV._Allegro_vivace/04259.mid"
0.2251732101616628,885.0,0.005566863826426857,"Franz_Schubert/Piano_Sonata_No._16_in_A_Minor,_Op._42,_D._845/IV._Allegro_vivace/04267.mid"
0.10768984897317742,622.0,0.05159706717369355,"Franz_Schubert/Piano_Sonata_No._16_in_A_Minor,_Op._42,_D._845/I._Moderato/04270.mid"
0.1239645206829502,716.0,0.031081328957352543,"Franz_Schubert/Piano_Sonata_No._16_in_A_Minor,_Op._42,_D._845/I._Moderato/04271.mid"
0.10540915395284327,532.0,0.09259372858756688,"Franz_Schubert/3_Klavierstücke,_D._946/No._1_in_E-Flat_Minor/04367.mid"
0.13991502844386836,971.5,0.04482005381070498,"Franz_Schubert/3_Klavierstücke,_D._946/No._2_in_E-Flat_Major/04369.mid"
0.10436218197541298,708.0,0.03650792700668921,"Franz_Schubert/4_Impromptus_Op.142,_D.935/No.1_in_F_minor:_Allegro_moderato/04401.mid"
0.12175587897131514,826.0,0.07837406478905251,"Franz_Schubert/4_Impromptus_Op.142,_D.935/No.1_in_F_minor:_Allegro_moderato/04405.mid"
0.18052049786752547,518.5,0.018718902795290527,"Franz_Schubert/Piano_Sonata_No.5_in_A_flat,_D557/3._Allegro/04427.mid"
0.31177648185220647,895.5,0.09806513115409471,"Franz_Schubert/Piano_Sonata_No.5_in_A_flat,_D557/3._Allegro/04429.mid"
0.18052049786752547,518.5,0.018718902795290638,"Franz_Schubert/Piano_Sonata_No.5_in_A_flat,_D557/3._Allegro/04430.mid"
0.12322481975092855,564.0,0.0,"Franz_Schubert/Piano_Sonata_No._3_in_E_Major,_D._459/V._Allegro_patetico/04434.mid"
0.16602599304411494,453.5,0.03950868518347245,"Franz_Schubert/Piano_Sonata_No._3_in_E_Major,_D._459/IV._Scherzo_con_trio._Allegro/04441.mid"
0.16602599304411494,453.5,0.03950868518347233,"Franz_Schubert/Piano_Sonata_No._3_in_E_Major,_D._459/IV._Scherzo_con_trio._Allegro/04442.mid"
0.11638652790436424,578.0,0.041598101760289594,"Franz_Schubert/Piano_Sonata_No.14_in_A_minor,_D.784/1._Allegro_giusto/04464.mid"
0.100393061916267,348.0,0.06304863316382422,"Franz_Schubert/Piano_Sonata_No.14_in_A_minor,_D.784/3._Allegro_vivace/04485.mid"
0.1265635925724497,271.5,0.002274538794503289,"Franz_Schubert/Piano_Sonata_No.9_in_B,_D.575/2._Andante/04496.mid"
0.2685656667506932,761.0,0.05311107081964201,"Franz_Schubert/Piano_Sonata_No.9_in_B,_D.575/3._Scherzo_(Allegretto)/04503.mid"
0.12863016663059942,371.5,0.02867329940829153,"Franz_Schubert/Piano_Sonata_No.9_in_B,_D.575/4._Allegro_giusto/04512.mid"
0.12998084882930747,526.0,0.017354325129354614,"Franz_Schubert/Piano_Sonata_No.9_in_B,_D.575/1._Allegro_ma_non_troppo/04518.mid"
0.21449851042701093,1296.0,0.05787769682540532,Pyotr_Ilyich_Tchaikovsky/Grand_Sonata_for_Piano_in_G_Major_Op._37/Finale._Allegro_Vivace/04581.mid
0.10133595691797846,978.5,0.08008762911594264,Pyotr_Ilyich_Tchaikovsky/Grand_Sonata_for_Piano_in_G_Major_Op._37/Moderato_e_Risoluto/04586.mid
0.17070524412296564,472.0,0.05917366592933959,Pyotr_Ilyich_Tchaikovsky/Grand_Sonata_for_Piano_in_G_Major_Op._37/Scherzo._Allegro_Giocoso/04589.mid
0.17540687160940324,485.0,0.018084937531246337,Pyotr_Ilyich_Tchaikovsky/Grand_Sonata_for_Piano_in_G_Major_Op._37/Scherzo._Allegro_Giocoso/04592.mid
0.15840867992766727,438.0,0.08423785267040047,Pyotr_Ilyich_Tchaikovsky/Grand_Sonata_for_Piano_in_G_Major_Op._37/Scherzo._Allegro_Giocoso/04593.mid
0.12138274795772373,526.0,0.07923721236776841,Pyotr_Ilyich_Tchaikovsky/Grand_Sonata_for_Piano_in_G_Major_Op._37/Andante_non_Tropp_quasi_Moderato/04597.mid
0.29579727248885396,1289.0,0.017934333410840563,"César_Franck/Prélude,_Chorale_et_Fugue/Fugue/04645.mid"
0.10601888276947287,462.0,0.06455498896559818,"César_Franck/Prélude,_Chorale_et_Fugue/Fugue/04650.mid"
0.1364491608338978,259.0,2.790275116623773e-07,"César_Franck/Prélude,_Chorale_et_Fugue/Prélude/04652.mid"
0.1498448035962753,280.0,0.0,"Sergei_Prokofiev/Piano_Sonata_No._2_in_D_Minor,_Op._14/II._Scherzo._Allegro_marcato/04659.mid"
0.13218452317242857,247.0,0.005582757108163945,"Sergei_Prokofiev/Piano_Sonata_No._2_in_D_Minor,_Op._14/II._Scherzo._Allegro_marcato/04662.mid"
0.1085888810929052,438.5,0.0031639128518369006,"Sergei_Prokofiev/Piano_Sonata_No._2_in_D_Minor,_Op._14/IV._Vivace/04666.mid"
0.101988196871598,356.0,0.0,"Sergei_Prokofiev/Piano_Sonata_No._2_in_D_Minor,_Op._14/I._Allegro_ma_non_troppo/04670.mid"
0.19748579015060366,340.0,0.05882304280128516,"Sergei_Prokofiev/Piano_Sonata_No._8_in_B-Flat_Major,_Op._84/II._Andante_sognando/04710.mid"
0.10790243496184636,691.0,0.044526299072215794,"Sergei_Prokofiev/Piano_Sonata_No._8_in_B-Flat_Major,_Op._84/III._Vivace/04715.mid"
0.1456105300270302,413.0,0.03435448956394217,"Sergei_Prokofiev/Piano_Sonata_No._9_in_C_Major,_Op._103/III._Andante_tranquillo/04746.mid"
0.10832811521603006,259.5,0.027778717194702374,"Sergei_Prokofiev/Piano_Sonata_No._4_in_C_Minor,_Op._29/I._Allegro_molto_sostenuto/04754.mid"
0.10832811521603006,259.5,0.02777871719470253,"Sergei_Prokofiev/Piano_Sonata_No._4_in_C_Minor,_Op._29/I._Allegro_molto_sostenuto/04755.mid"
0.10650785430692215,308.5,0.0558235025549841,"Sergei_Prokofiev/Piano_Sonata_No._4_in_C_Minor,_Op._29/III._Allegro_con_brio,_ma_non_leggiere/04756.mid"
0.10650785430692215,308.5,0.05582350255498423,"Sergei_Prokofiev/Piano_Sonata_No._4_in_C_Minor,_Op._29/III._Allegro_con_brio,_ma_non_leggiere/04757.mid"
0.15246376811594203,394.5,0.03296867833899212,"Sergei_Prokofiev/Piano_Sonata_No._4_in_C_Minor,_Op._29/II._Andante_assai/04758.mid"
0.15246376811594203,394.5,0.03296867833899212,"Sergei_Prokofiev/Piano_Sonata_No._4_in_C_Minor,_Op._29/II._Andante_assai/04759.mid"
0.1644757482587689,699.0,0.07535184557322873,"Sergei_Prokofiev/Piano_Sonata_No._7,_Op._83/I._Allego_inquieto/04770.mid"
0.11812135282675534,502.0,0.06343494431430535,"Sergei_Prokofiev/Piano_Sonata_No._7,_Op._83/I._Allego_inquieto/04773.mid"
0.6769624145071218,2877.0,0.0636395704050743,"Sergei_Prokofiev/Piano_Sonata_No._7,_Op._83/I._Allego_inquieto/04777.mid"
0.24062347783731125,494.0,0.06458248161078985,"Sergei_Prokofiev/Piano_Sonata_No._7,_Op._83/II._Andante_caloroso/04785.mid"
0.19045299561617146,391.0,0.021483348251142086,"Sergei_Prokofiev/Piano_Sonata_No._7,_Op._83/II._Andante_caloroso/04787.mid"
0.12615684364344862,259.0,0.005218353402529439,"Sergei_Prokofiev/Piano_Sonata_No._7,_Op._83/II._Andante_caloroso/04794.mid"
0.11064010173802458,420.5,0.070116674129168,"Sergei_Prokofiev/Piano_Sonata_No._7,_Op._83/III._Precipitato/04798.mid"
0.13011065471927027,494.5,0.0024626253078273348,"Sergei_Prokofiev/Piano_Sonata_No._7,_Op._83/III._Precipitato/04799.mid"
0.15826402186782826,601.5,0.05619263202407874,"Sergei_Prokofiev/Piano_Sonata_No._7,_Op._83/III._Precipitato/04800.mid"
0.2215216227470109,1064.0,0.0,"Sergei_Prokofiev/Piano_Sonata_No.6,_Op.82/1._Allegro_moderato/04822.mid"
0.2192314555945512,1053.0,0.0015298238031630383,"Sergei_Prokofiev/Piano_Sonata_No.6,_Op.82/1._Allegro_moderato/04823.mid"
0.19424781393135448,933.0,0.01244350093998786,"Sergei_Prokofiev/Piano_Sonata_No.6,_Op.82/1._Allegro_moderato/04824.mid"
0.17794124956508772,716.0,0.0,"Franz_Joseph_Haydn/Keyboard_Sonata_in_E-Flat_Major,_Op._92,_Hob._XVI:52/I._Allegro/04897.mid"
0.17098265321338038,688.0,0.016074047906682012,"Franz_Joseph_Haydn/Keyboard_Sonata_in_E-Flat_Major,_Op._92,_Hob._XVI:52/I._Allegro/04898.mid"
0.17786014110922568,569.0,0.06406065999428967,"Franz_Joseph_Haydn/Keyboard_Sonata_in_E-Flat_Major,_Op._92,_Hob._XVI:52/III._Finale._Presto/04909.mid"
0.20755559524872733,664.0,0.062225415555348024,"Franz_Joseph_Haydn/Keyboard_Sonata_in_E-Flat_Major,_Op._92,_Hob._XVI:52/III._Finale._Presto/04910.mid"
0.19661516477627936,629.0,0.0,"Franz_Joseph_Haydn/Keyboard_Sonata_in_E-Flat_Major,_Op._92,_Hob._XVI:52/III._Finale._Presto/04911.mid"
0.31889987498579386,2104.5,0.08569467733804474,"Franz_Joseph_Haydn/Piano_Sonata_in_C_Major,_Hob.XVI:50/I._Allegro/04952.mid"
0.18719126440766096,1440.0,0.0,"Johannes_Brahms/Variations_on_a_Theme_by_Paganini,_Op.35/Book_2/04972.mid"
0.272017614091273,226.5,0.023679346706773127,"Johannes_Brahms/6_Piano_Pieces,_Op._118/No._1,_Intermezzo_in_A_Minor/04981.mid"
0.1327865773492769,353.5,0.00408298357959356,"Johannes_Brahms/6_Piano_Pieces,_Op._118/3._Ballade_in_G_Minor/04984.mid"
0.11466535433070867,233.0,0.043365283850090995,"Johannes_Brahms/8_Piano_Pieces,_Op._76/2._Capriccio_in_B_Minor/05134.mid"
0.17953076152608735,455.0,0.013734151329243114,"Wolfgang_Amadeus_Mozart/Piano_Sonata_No.18_in_D,_K.576/3._Allegretto/05189.mid"
0.1848346247457348,524.0,0.08231447520458617,"Wolfgang_Amadeus_Mozart/Piano_Sonata_No.18_in_D,_K.576/1._Allegro/05180.mid"
0.19859140025161964,563.0,0.08321312563046832,"Wolfgang_Amadeus_Mozart/Piano_Sonata_No.18_in_D,_K.576/1._Allegro/05182.mid"
0.18659831391315596,529.0,0.0916911699401202,"Wolfgang_Amadeus_Mozart/Piano_Sonata_No.18_in_D,_K.576/1._Allegro/05188.mid"
0.1795435572434714,509.0,0.06896457277016423,"Wolfgang_Amadeus_Mozart/Piano_Sonata_No.18_in_D,_K.576/1._Allegro/05191.mid"
0.24021446460275842,681.0,0.0360046578595274,"Wolfgang_Amadeus_Mozart/Piano_Sonata_No.18_in_D,_K.576/1._Allegro/05231.mid"
0.16693477403101953,250.0,0.08740563572893513,"Wolfgang_Amadeus_Mozart/Piano_Sonata_No.12_in_F,_K.332/2._Adagio/05242.mid"
0.2604182474883905,390.0,0.012071791588696215,"Wolfgang_Amadeus_Mozart/Piano_Sonata_No.12_in_F,_K.332/2._Adagio/05245.mid"
0.2590827692961423,388.0,0.011870912468619314,"Wolfgang_Amadeus_Mozart/Piano_Sonata_No.12_in_F,_K.332/2._Adagio/05246.mid"
0.21100555437520868,316.0,0.09842529031598246,"Wolfgang_Amadeus_Mozart/Piano_Sonata_No.12_in_F,_K.332/2._Adagio/05258.mid"
0.1215745899010536,445.0,0.0336952759660363,"Wolfgang_Amadeus_Mozart/Piano_Sonata_No.12_in_F,_K.332/1._Allegro/05233.mid"
0.1101001342249991,403.0,0.03369123800147853,"Wolfgang_Amadeus_Mozart/Piano_Sonata_No.12_in_F,_K.332/1._Allegro/05234.mid"
0.10818772494565669,396.0,0.0,"Wolfgang_Amadeus_Mozart/Piano_Sonata_No.12_in_F,_K.332/1._Allegro/05236.mid"
0.1051825103638329,385.0,0.05387465132496578,"Wolfgang_Amadeus_Mozart/Piano_Sonata_No.12_in_F,_K.332/1._Allegro/05237.mid"
0.11283214748120256,413.0,0.05456065663713248,"Wolfgang_Amadeus_Mozart/Piano_Sonata_No.12_in_F,_K.332/1._Allegro/05238.mid"
0.10572891301507359,387.0,0.017966058023627576,"Wolfgang_Amadeus_Mozart/Piano_Sonata_No.12_in_F,_K.332/1._Allegro/05240.mid"
0.10053808782828702,368.0,0.015530203974894683,"Wolfgang_Amadeus_Mozart/Piano_Sonata_No.12_in_F,_K.332/1._Allegro/05241.mid"
0.19520036743598576,340.0,0.0348646789166632,"Wolfgang_Amadeus_Mozart/Piano_Sonata_No.13_in_B_flat,_K.333/2._Andante_cantabile/05306.mid"
0.24170398438397062,421.0,0.03486419980222279,"Wolfgang_Amadeus_Mozart/Piano_Sonata_No.13_in_B_flat,_K.333/2._Andante_cantabile/05307.mid"
0.15347255949490043,553.0,0.029521712552781583,"Wolfgang_Amadeus_Mozart/Piano_Sonata_No.13_in_B_flat,_K.333/1._Allegro/05309.mid"
0.1559703045861375,562.0,0.030999172696765172,"Wolfgang_Amadeus_Mozart/Piano_Sonata_No.13_in_B_flat,_K.333/1._Allegro/05310.mid"
0.16651633941580518,600.0,0.007568749081811863,"Wolfgang_Amadeus_Mozart/Piano_Sonata_No.13_in_B_flat,_K.333/1._Allegro/05312.mid"
0.137218283109648,433.5,0.011552792620581356,"Wolfgang_Amadeus_Mozart/Piano_Sonata_No._5_in_G_Major,_K._283/I._Allegro/05318.mid"
0.10018359078247659,316.5,0.011552792620581356,"Wolfgang_Amadeus_Mozart/Piano_Sonata_No._5_in_G_Major,_K._283/I._Allegro/05319.mid"
0.17624836537995836,606.5,0.04571268806005723,"Wolfgang_Amadeus_Mozart/Piano_Sonata_No._5_in_G_Major,_K._283/III._Presto/05324.mid"
0.23814597762386788,819.5,0.046210194784979605,"Wolfgang_Amadeus_Mozart/Piano_Sonata_No._5_in_G_Major,_K._283/III._Presto/05325.mid"
0.17624836537995836,606.5,0.0752100888583643,"Wolfgang_Amadeus_Mozart/Piano_Sonata_No._5_in_G_Major,_K._283/III._Presto/05327.mid"
0.18583813629098658,639.5,0.04571268806005723,"Wolfgang_Amadeus_Mozart/Piano_Sonata_No._5_in_G_Major,_K._283/III._Presto/05328.mid"
0.15121348032024143,555.0,0.009782666408013823,"Wolfgang_Amadeus_Mozart/Piano_Sonata_No.9_in_D,_K.311/3._Rondeau_(Allegro)/05363.mid"
0.1215766404112975,217.0,0.0,"Wolfgang_Amadeus_Mozart/Piano_Sonata_No.9_in_D,_K.311/2._Andantino_con_espressione/05368.mid"
0.1339023827571433,239.0,0.010067596987889539,"Wolfgang_Amadeus_Mozart/Piano_Sonata_No.9_in_D,_K.311/2._Andantino_con_espressione/05369.mid"
0.1506699812041472,355.0,0.032215166226686645,"Wolfgang_Amadeus_Mozart/Piano_Sonata_No._14_in_C_Minor,_K._457/III._Allegro_assai/05389.mid"
0.16283610976705606,349.0,0.013795086027757883,"Wolfgang_Amadeus_Mozart/Piano_Sonata_No._14_in_C_Minor,_K._457/II._Adagio/05424.mid"
0.20809428354185389,446.0,0.05577447835475871,"Wolfgang_Amadeus_Mozart/Piano_Sonata_No._14_in_C_Minor,_K._457/II._Adagio/05428.mid"
0.29888896957374195,514.5,0.017794265169718507,"Wolfgang_Amadeus_Mozart/Piano_Sonata_No._1_in_C,_K.279/2._Andante/05495.mid"
0.1467831612390786,308.0,0.08013904926905287,"Wolfgang_Amadeus_Mozart/Piano_Sonata_No._17_in_B-Flat_Major,_K._570/II._Adagio/05518.mid"
0.3836378077839555,805.0,0.06756469985951516,"Wolfgang_Amadeus_Mozart/Piano_Sonata_No._17_in_B-Flat_Major,_K._570/II._Adagio/05526.mid"
0.10935446317924069,224.0,0.0,"Wolfgang_Amadeus_Mozart/Piano_Sonata_No._17_in_B-Flat_Major,_K._570/III._Allegretto/05528.mid"
0.20357504975778287,417.0,0.02105443777405504,"Wolfgang_Amadeus_Mozart/Piano_Sonata_No._17_in_B-Flat_Major,_K._570/III._Allegretto/05534.mid"
0.10056705095948028,206.0,0.03049805133369458,"Wolfgang_Amadeus_Mozart/Piano_Sonata_No._17_in_B-Flat_Major,_K._570/III._Allegretto/05539.mid"
0.16881315633049337,319.5,0.02245764150142884,"Wolfgang_Amadeus_Mozart/Piano_Sonata_No.4_in_E_flat,_K.282/1._Adagio/05550.mid"
0.15507562248200252,293.5,0.07677064181257758,"Wolfgang_Amadeus_Mozart/Piano_Sonata_No.4_in_E_flat,_K.282/1._Adagio/05554.mid"
0.12865728815798164,243.5,0.04961502559895968,"Wolfgang_Amadeus_Mozart/Piano_Sonata_No.4_in_E_flat,_K.282/1._Adagio/05556.mid"
0.11756158774189288,222.5,0.02245764150142884,"Wolfgang_Amadeus_Mozart/Piano_Sonata_No.4_in_E_flat,_K.282/1._Adagio/05557.mid"
0.18773397929971372,341.0,0.008528150345128563,"Wolfgang_Amadeus_Mozart/Piano_Sonata_No.4_in_E_flat,_K.282/2._Menuetto_I-II/05565.mid"
0.15815905854133874,422.0,0.03761416610156977,"Wolfgang_Amadeus_Mozart/Piano_Sonata_No._11_in_A_Major,_K._331/2._Menuetto/05573.mid"
0.19601229293156436,523.0,0.09605942778022632,"Wolfgang_Amadeus_Mozart/Piano_Sonata_No._11_in_A_Major,_K._331/2._Menuetto/05576.mid"
0.1214301776478525,324.0,0.008613655791810644,"Wolfgang_Amadeus_Mozart/Piano_Sonata_No._11_in_A_Major,_K._331/2._Menuetto/05577.mid"
0.10205631815962238,297.0,0.08446519094166174,"Wolfgang_Amadeus_Mozart/Piano_Sonata_No._11_in_A_Major,_K._331/3._Alla_Turca._Allegretto/05600.mid"
0.11913778908764314,379.0,0.024206578793126765,"Wolfgang_Amadeus_Mozart/Piano_Sonata_No._10_In_C_Major,_K.330/1._Allegro_moderato/05614.mid"
0.31095869986581187,474.0,0.07244931462113548,"Wolfgang_Amadeus_Mozart/Piano_Sonata_No._10_In_C_Major,_K.330/2._Andante_cantabile/05653.mid"
0.2650365289995527,404.0,0.07250237587459145,"Wolfgang_Amadeus_Mozart/Piano_Sonata_No._10_In_C_Major,_K.330/2._Andante_cantabile/05654.mid"
0.15321313890935376,334.0,0.0,"Wolfgang_Amadeus_Mozart/Piano_Sonata_No.8_in_A_minor,_K.310/3._Presto/05692.mid"
0.1720207397934361,375.0,0.0019201725036645952,"Wolfgang_Amadeus_Mozart/Piano_Sonata_No.8_in_A_minor,_K.310/3._Presto/05693.mid"
0.251479052335698,854.0,0.09212863912350748,"Wolfgang_Amadeus_Mozart/Piano_Sonata_No.8_in_A_minor,_K.310/2._Andante_cantabile_con_espressione/05707.mid"
0.14723597911926115,500.0,0.07905825454472312,"Wolfgang_Amadeus_Mozart/Piano_Sonata_No.8_in_A_minor,_K.310/2._Andante_cantabile_con_espressione/05712.mid"
0.23616651050729487,802.0,0.034540432560254644,"Wolfgang_Amadeus_Mozart/Piano_Sonata_No.8_in_A_minor,_K.310/2._Andante_cantabile_con_espressione/05725.mid"
0.16019274528175612,544.0,0.021356118341816083,"Wolfgang_Amadeus_Mozart/Piano_Sonata_No.8_in_A_minor,_K.310/2._Andante_cantabile_con_espressione/05735.mid"
0.13251238120733502,450.0,0.02135823635932773,"Wolfgang_Amadeus_Mozart/Piano_Sonata_No.8_in_A_minor,_K.310/2._Andante_cantabile_con_espressione/05736.mid"
0.2711300056485418,1824.0,0.020487807946060792,"Wolfgang_Amadeus_Mozart/Piano_Sonata_No.8_in_A_minor,_K.310/1._Allegro_maestoso/05745.mid"
0.2634004221541755,1772.0,0.018868477078183656,"Wolfgang_Amadeus_Mozart/Piano_Sonata_No.8_in_A_minor,_K.310/1._Allegro_maestoso/05746.mid"
0.14474404478112696,1171.0,0.0,"Wolfgang_Amadeus_Mozart/Piano_Sonata_No._6_in_D,_K.284_""Dürnitz""/3._Tema_con_variazione/05772.mid"
0.1375297540333245,208.0,0.041903816931061745,"Wolfgang_Amadeus_Mozart/Piano_Sonata_No._18_in_D,_K.576/2._Adagio/05200.mid"
0.2882835228775456,436.0,0.031250610373023194,"Wolfgang_Amadeus_Mozart/Piano_Sonata_No._18_in_D,_K.576/2._Adagio/05215.mid"
0.13052514193025141,257.5,0.05056399805360098,"Wolfgang_Amadeus_Mozart/Piano_Sonata_No.16_in_C,_K.545_""Sonata_facile""/2._Andante/05794.mid"
0.12152130049111053,266.0,0.0046388445740987785,"Ludwig_van_Beethoven/Piano_Sonata_No._7_in_D_Major,_Op._10_No._3/IV._Rondo._Allegro/05843.mid"
0.12334868846842045,270.0,0.00687503139178364,"Ludwig_van_Beethoven/Piano_Sonata_No._7_in_D_Major,_Op._10_No._3/IV._Rondo._Allegro/05849.mid"
0.13751094529257243,301.0,0.06583654054463565,"Ludwig_van_Beethoven/Piano_Sonata_No._7_in_D_Major,_Op._10_No._3/IV._Rondo._Allegro/05862.mid"
0.10142003274070127,222.0,0.06192130980880025,"Ludwig_van_Beethoven/Piano_Sonata_No._7_in_D_Major,_Op._10_No._3/IV._Rondo._Allegro/05881.mid"
0.1375523574266996,654.0,0.024554142249121134,"Ludwig_van_Beethoven/Piano_Sonata_No._7_in_D_Major,_Op._10_No._3/I._Presto/05940.mid"
0.1373420327211542,653.0,0.030060805772576218,"Ludwig_van_Beethoven/Piano_Sonata_No._7_in_D_Major,_Op._10_No._3/I._Presto/05941.mid"
0.10600365159488777,504.0,0.04066248312018402,"Ludwig_van_Beethoven/Piano_Sonata_No._7_in_D_Major,_Op._10_No._3/I._Presto/05946.mid"
0.11294436687788637,537.0,0.02484664030810138,"Ludwig_van_Beethoven/Piano_Sonata_No._7_in_D_Major,_Op._10_No._3/I._Presto/05976.mid"
0.13169634346284362,314.0,0.042916975918835164,"Ludwig_van_Beethoven/Bagatelles,_Op._126/No._4_in_B_Minor/05988.mid"
0.10275670110954359,245.0,0.047335833623427186,"Ludwig_van_Beethoven/Bagatelles,_Op._126/No._4_in_B_Minor/05989.mid"
0.2612956113928394,623.0,0.046029202162248296,"Ludwig_van_Beethoven/Bagatelles,_Op._126/No._4_in_B_Minor/05990.mid"
0.37705418080603953,899.0,0.08079264888439322,"Ludwig_van_Beethoven/Bagatelles,_Op._126/No._4_in_B_Minor/05991.mid"
0.16874051593323217,278.0,0.0014450583635833355,"Ludwig_van_Beethoven/Bagatelles,_Op._126/No._6_in_E-Flat_Major/06007.mid"
0.13960546282245828,230.0,0.07475287332100171,"Ludwig_van_Beethoven/Bagatelles,_Op._126/No._6_in_E-Flat_Major/06008.mid"
0.1918316831683168,201.5,0.006172887436039086,"Ludwig_van_Beethoven/Bagatelles,_Op._126/No._1_in_G_Major/06021.mid"
0.12088726868299918,279.5,0.014335798831978304,"Ludwig_van_Beethoven/Piano_Sonata_No._20_in_G_Major,_Op._49_No._2/I._Allegro_ma_non_troppo/06074.mid"
0.10661435323921035,246.5,0.015592211591252039,"Ludwig_van_Beethoven/Piano_Sonata_No._20_in_G_Major,_Op._49_No._2/I._Allegro_ma_non_troppo/06075.mid"
0.10148275392758747,587.0,0.08635658050305785,"Ludwig_van_Beethoven/Piano_Sonata_No._3_in_C_Major,_Op._2_No._3/I._Allegro_con_brio/06097.mid"
0.18533136662755326,1072.0,0.0,"Ludwig_van_Beethoven/Piano_Sonata_No._3_in_C_Major,_Op._2_No._3/I._Allegro_con_brio/06107.mid"
0.17858890086405085,1033.0,0.034049189351336724,"Ludwig_van_Beethoven/Piano_Sonata_No._3_in_C_Major,_Op._2_No._3/I._Allegro_con_brio/06121.mid"
0.1145630550148004,268.5,0.046455338967775414,"Ludwig_van_Beethoven/Piano_Sonata_No._3_in_C_Major,_Op._2_No._3/III._Scherzo._Allegro/06149.mid"
0.18411157630870156,431.5,0.08674610176354397,"Ludwig_van_Beethoven/Piano_Sonata_No._3_in_C_Major,_Op._2_No._3/III._Scherzo._Allegro/06154.mid"
0.15222028023817283,239.0,0.04908671712947217,"Ludwig_van_Beethoven/Piano_Sonata_No._3_in_C_Major,_Op._2_No._3/II._Adagio/06173.mid"
0.15030956542346774,236.0,0.04264584479288546,"Ludwig_van_Beethoven/Piano_Sonata_No._3_in_C_Major,_Op._2_No._3/II._Adagio/06176.mid"
0.5031549012056759,790.0,0.05778632946056986,"Ludwig_van_Beethoven/Piano_Sonata_No._3_in_C_Major,_Op._2_No._3/II._Adagio/06207.mid"
0.28126928482158137,1154.0,0.07658359603872186,"Ludwig_van_Beethoven/Piano_Sonata_No._3_in_C_Major,_Op._2_No._3/IV._Allegro_assai/06230.mid"
0.4294596879164873,1762.0,0.08279349366322764,"Ludwig_van_Beethoven/Piano_Sonata_No._3_in_C_Major,_Op._2_No._3/IV._Allegro_assai/06232.mid"
0.17079041868908093,270.5,0.06470916054369602,"Ludwig_van_Beethoven/Piano_Sonata_No._9_in_E_Major,_Op._14,_No._1/II._Allegretto/06356.mid"
0.13416992226036858,212.5,0.06448267440959447,"Ludwig_van_Beethoven/Piano_Sonata_No._9_in_E_Major,_Op._14,_No._1/II._Allegretto/06358.mid"
0.879207608223827,1392.5,0.08241675915948457,"Ludwig_van_Beethoven/Piano_Sonata_No._9_in_E_Major,_Op._14,_No._1/II._Allegretto/06366.mid"
0.16969265563194363,509.0,0.050399281647214265,"Ludwig_van_Beethoven/Piano_Sonata_No._9_in_E_Major,_Op._14,_No._1/I._Allegro/06349.mid"
0.7411135038699621,2223.0,0.07499955727967829,"Ludwig_van_Beethoven/Piano_Sonata_No._9_in_E_Major,_Op._14,_No._1/I._Allegro/06350.mid"
0.33005054828216934,990.0,0.05099929789765256,"Ludwig_van_Beethoven/Piano_Sonata_No._9_in_E_Major,_Op._14,_No._1/I._Allegro/06357.mid"
0.29737887784615663,892.0,0.018248541106320813,"Ludwig_van_Beethoven/Piano_Sonata_No._9_in_E_Major,_Op._14,_No._1/I._Allegro/06372.mid"
0.11435084652604453,343.0,0.024998398394125237,"Ludwig_van_Beethoven/Piano_Sonata_No._9_in_E_Major,_Op._14,_No._1/I._Allegro/06382.mid"
0.1334675849931464,239.0,0.024102264658875872,"Ludwig_van_Beethoven/Piano_Sonata_No._9_in_E_Major,_Op._14,_No._1/III._Rondo._Allegro_comodo/06423.mid"
0.1407273281099284,252.0,2.4672472918011623e-06,"Ludwig_van_Beethoven/Piano_Sonata_No._9_in_E_Major,_Op._14,_No._1/III._Rondo._Allegro_comodo/06424.mid"
0.26359226232412086,485.0,0.07142848506252054,"Ludwig_van_Beethoven/Piano_Sonata_No._19_in_G_Minor,_Op._49,_No._1/I._Andante/06438.mid"
0.13478532176573602,248.0,0.09974962747332382,"Ludwig_van_Beethoven/Piano_Sonata_No._19_in_G_Minor,_Op._49,_No._1/I._Andante/06451.mid"
0.2206004405643717,667.0,0.08683919656307262,"Ludwig_van_Beethoven/Piano_Sonata_No._31_in_A-Flat_Major,_Op._110/I._Moderato_cantabile_molto_espressivo/06490.mid"
0.11939544084518468,361.0,0.017991031227264025,"Ludwig_van_Beethoven/Piano_Sonata_No._31_in_A-Flat_Major,_Op._110/I._Moderato_cantabile_molto_espressivo/06514.mid"
0.12071838201798452,365.0,0.013693745592975327,"Ludwig_van_Beethoven/Piano_Sonata_No._31_in_A-Flat_Major,_Op._110/I._Moderato_cantabile_molto_espressivo/06515.mid"
0.13692441138478242,414.0,0.013743188436417897,"Ludwig_van_Beethoven/Piano_Sonata_No._31_in_A-Flat_Major,_Op._110/I._Moderato_cantabile_molto_espressivo/06516.mid"
0.19381088181517514,586.0,0.00849880061338248,"Ludwig_van_Beethoven/Piano_Sonata_No._31_in_A-Flat_Major,_Op._110/I._Moderato_cantabile_molto_espressivo/06517.mid"
0.1924621742263004,664.0,0.09384021670447118,"Ludwig_van_Beethoven/Piano_Sonata_No._31_in_A-Flat_Major,_Op._110/IV._Fuga._Allegro_ma_non_troppo/06551.mid"
0.25043270863181255,864.0,0.09122188145130557,"Ludwig_van_Beethoven/Piano_Sonata_No._31_in_A-Flat_Major,_Op._110/IV._Fuga._Allegro_ma_non_troppo/06555.mid"
0.171592781840316,592.0,0.07896100357069745,"Ludwig_van_Beethoven/Piano_Sonata_No._31_in_A-Flat_Major,_Op._110/IV._Fuga._Allegro_ma_non_troppo/06567.mid"
0.2012483075195667,277.0,0.025845377509111353,"Ludwig_van_Beethoven/Piano_Sonata_No._31_in_A-Flat_Major,_Op._110/II._Allegro_molto/06586.mid"
0.14675869357022556,202.0,0.04839241113183423,"Ludwig_van_Beethoven/Piano_Sonata_No._31_in_A-Flat_Major,_Op._110/II._Allegro_molto/06602.mid"
0.158383144546085,218.0,0.0454566402978912,"Ludwig_van_Beethoven/Piano_Sonata_No._31_in_A-Flat_Major,_Op._110/II._Allegro_molto/06603.mid"
0.10800508259212198,255.0,0.07053821491745314,"Ludwig_van_Beethoven/Piano_Sonata_No.6_in_F,_Op.10_No.2/3._Presto/06690.mid"
0.1300922287935812,233.0,0.0,"Ludwig_van_Beethoven/Piano_Sonata_No.6_in_F,_Op.10_No.2/2._Allegretto/06727.mid"
0.12450887133462923,223.0,0.020402837786090453,"Ludwig_van_Beethoven/Piano_Sonata_No.6_in_F,_Op.10_No.2/2._Allegretto/06728.mid"
0.37271042537602894,552.0,0.0829082029647357,"Ludwig_van_Beethoven/Piano_Sonata_No._30_in_E_Major,_Op._109/II._Prestissimo/06804.mid"
0.29978882041115373,444.0,0.018540918621134547,"Ludwig_van_Beethoven/Piano_Sonata_No._30_in_E_Major,_Op._109/II._Prestissimo/06842.mid"
0.35933535047516474,2108.0,0.0982503039249375,"Ludwig_van_Beethoven/Piano_Sonata_No._30_in_E_Major,_Op._109/III._Andante_molto_cantabile_ed_espressivo/06853.mid"
0.25687761008682763,1026.0,0.08076932021674862,"Ludwig_van_Beethoven/Piano_Sonata_No.2_in_A,_Op.2_No.2/1._Allegro_vivace/06904.mid"
0.24460957607683295,977.0,0.08860671178399412,"Ludwig_van_Beethoven/Piano_Sonata_No.2_in_A,_Op.2_No.2/1._Allegro_vivace/06905.mid"
0.12167886793586573,486.0,0.06976906439684633,"Ludwig_van_Beethoven/Piano_Sonata_No.2_in_A,_Op.2_No.2/1._Allegro_vivace/06911.mid"
0.15603562005277044,249.0,0.01675074444390741,"Ludwig_van_Beethoven/Piano_Sonata_No.2_in_A,_Op.2_No.2/3._Scherzo_(Allegretto)/06935.mid"
0.17016245359313295,257.0,0.08607685166560561,"Ludwig_van_Beethoven/Piano_Sonata_No.2_in_A,_Op.2_No.2/2._Largo_appassionato/06987.mid"
0.1370569178746246,207.0,0.06443356563920283,"Ludwig_van_Beethoven/Piano_Sonata_No.2_in_A,_Op.2_No.2/2._Largo_appassionato/06988.mid"
0.10001910219675263,714.0,0.08953217951731349,"Ludwig_van_Beethoven/Piano_Sonata_No._21_in_C_major,_Op._53,_""Waldstein""/III._Rondo:_Allegretto_moderato/07076.mid"
0.26420260095824777,386.0,0.0006754120013201169,"Ludwig_van_Beethoven/Piano_Sonata_No.25_in_G,_Op.79/3._Vivace/07188.mid"
0.2135523613963039,312.0,0.011440239415609055,"Ludwig_van_Beethoven/Piano_Sonata_No.25_in_G,_Op.79/3._Vivace/07189.mid"
0.3390505138225503,468.5,0.07060170716869195,"Ludwig_van_Beethoven/Fifteen_Variations_and_Fugue_in_E-Flat_Major,_Op.35,_“Eroica”/Introduzione_col_basso_del_tema/07214.mid"
0.15595599942104502,215.5,4.427304698333295e-06,"Ludwig_van_Beethoven/Fifteen_Variations_and_Fugue_in_E-Flat_Major,_Op.35,_“Eroica”/Introduzione_col_basso_del_tema/07215.mid"
0.14582428716167317,201.5,0.019457743720520518,"Ludwig_van_Beethoven/Fifteen_Variations_and_Fugue_in_E-Flat_Major,_Op.35,_“Eroica”/Introduzione_col_basso_del_tema/07220.mid"
0.18862275449101798,558.0,0.02265667056516375,"Ludwig_van_Beethoven/Fifteen_Variations_and_Fugue_in_E-Flat_Major,_Op.35,_“Eroica”/Finale._Alla_fuga_allegro_con_brio/07223.mid"
0.10073401583928916,298.0,0.002129931745100483,"Ludwig_van_Beethoven/Fifteen_Variations_and_Fugue_in_E-Flat_Major,_Op.35,_“Eroica”/Finale._Alla_fuga_allegro_con_brio/07225.mid"
0.13622754491017963,403.0,0.0007714878033651973,"Ludwig_van_Beethoven/Fifteen_Variations_and_Fugue_in_E-Flat_Major,_Op.35,_“Eroica”/Finale._Alla_fuga_allegro_con_brio/07227.mid"
0.25227426899680266,1631.0,0.07674146792194032,"Ludwig_van_Beethoven/Piano_Sonata_No._23_in_F_Minor,_Op._57_""Appassionata""/III._Allegro_ma_non_troppo_-_Presto/07273.mid"
0.20741863563746926,1341.0,0.010690863495668291,"Ludwig_van_Beethoven/Piano_Sonata_No._23_in_F_Minor,_Op._57_""Appassionata""/III._Allegro_ma_non_troppo_-_Presto/07293.mid"
0.10409399956269587,215.0,0.03721501092545469,"Ludwig_van_Beethoven/Piano_Sonata_No._23_in_F_Minor,_Op._57_""Appassionata""/II._Andante_con_moto/07307.mid"
0.15202565517528607,314.0,0.07260363008555618,"Ludwig_van_Beethoven/Piano_Sonata_No._23_in_F_Minor,_Op._57_""Appassionata""/II._Andante_con_moto/07313.mid"
0.1588038691002988,328.0,0.05263469176674924,"Ludwig_van_Beethoven/Piano_Sonata_No._23_in_F_Minor,_Op._57_""Appassionata""/II._Andante_con_moto/07329.mid"
0.2662869756255011,550.0,0.00860720529027358,"Ludwig_van_Beethoven/Piano_Sonata_No._23_in_F_Minor,_Op._57_""Appassionata""/II._Andante_con_moto/07330.mid"
0.1007048926001895,208.0,0.0732373503352447,"Ludwig_van_Beethoven/Piano_Sonata_No._23_in_F_Minor,_Op._57_""Appassionata""/II._Andante_con_moto/07365.mid"
0.12636527388773777,261.0,0.031795253327735425,"Ludwig_van_Beethoven/Piano_Sonata_No._23_in_F_Minor,_Op._57_""Appassionata""/II._Andante_con_moto/07368.mid"
0.11851318543323566,753.0,0.05084901297259773,"Ludwig_van_Beethoven/Piano_Sonata_No._23_in_F_Minor,_Op._57_""Appassionata""/I._Allegro_assai/07400.mid"
0.11253244035161156,715.0,0.009185366162418425,"Ludwig_van_Beethoven/Piano_Sonata_No._23_in_F_Minor,_Op._57_""Appassionata""/I._Allegro_assai/07447.mid"
0.11379154457932189,723.0,9.710622566763848e-07,"Ludwig_van_Beethoven/Piano_Sonata_No._23_in_F_Minor,_Op._57_""Appassionata""/I._Allegro_assai/07451.mid"
0.1588045207199665,1009.0,0.0207644449262477,"Ludwig_van_Beethoven/Piano_Sonata_No._23_in_F_Minor,_Op._57_""Appassionata""/I._Allegro_assai/07457.mid"
0.278945844193455,602.0,0.02287392211153836,"Ludwig_van_Beethoven/Piano_Sonata_No._10_in_G_Major,_Op._14_No._2/II._Andante/07555.mid"
0.16356791196061396,353.0,0.03448493274950205,"Ludwig_van_Beethoven/Piano_Sonata_No._10_in_G_Major,_Op._14_No._2/II._Andante/07572.mid"
0.13189589619054629,566.0,0.039217965094835196,"Ludwig_van_Beethoven/Piano_Sonata_No._18_in_E-Flat_Major,_Op._31_No._3_""The_Hunt""/I._Allegro/07573.mid"
0.6023867343684843,2585.0,0.05882659019987217,"Ludwig_van_Beethoven/Piano_Sonata_No._18_in_E-Flat_Major,_Op._31_No._3_""The_Hunt""/I._Allegro/07574.mid"
0.18740885692562725,626.5,0.040010644713081876,"Ludwig_van_Beethoven/Piano_Sonata_No._18_in_E-Flat_Major,_Op._31_No._3_""The_Hunt""/IV._Presto_con_fuoco/07592.mid"
0.11980406576011765,400.5,0.05383768347843147,"Ludwig_van_Beethoven/Piano_Sonata_No._18_in_E-Flat_Major,_Op._31_No._3_""The_Hunt""/IV._Presto_con_fuoco/07595.mid"
0.6328591302786878,1923.0,0.09469100871506485,"Ludwig_van_Beethoven/Piano_Sonata_No._18_in_E-Flat_Major,_Op._31_No._3_""The_Hunt""/II._Scherzo._Allegretto_vivace/07617.mid"
0.2672291283340065,812.0,0.015038678298232862,"Ludwig_van_Beethoven/Piano_Sonata_No._18_in_E-Flat_Major,_Op._31_No._3_""The_Hunt""/II._Scherzo._Allegretto_vivace/07620.mid"
0.1714610540172628,521.0,0.054050517304475215,"Ludwig_van_Beethoven/Piano_Sonata_No._18_in_E-Flat_Major,_Op._31_No._3_""The_Hunt""/II._Scherzo._Allegretto_vivace/07624.mid"
0.12801986566739967,389.0,0.02273019090454258,"Ludwig_van_Beethoven/Piano_Sonata_No._18_in_E-Flat_Major,_Op._31_No._3_""The_Hunt""/II._Scherzo._Allegretto_vivace/07631.mid"
0.23061630218687873,348.0,0.033739107579789866,"Ludwig_van_Beethoven/Piano_Sonata_No._18_in_E-Flat_Major,_Op._31_No._3_""The_Hunt""/III._Menuetto._Moderato_e_grazioso/07646.mid"
0.16302186878727634,246.0,0.0,"Ludwig_van_Beethoven/Piano_Sonata_No._18_in_E-Flat_Major,_Op._31_No._3_""The_Hunt""/III._Menuetto._Moderato_e_grazioso/07648.mid"
0.1411530815109344,213.0,0.0067703385610004725,"Ludwig_van_Beethoven/Piano_Sonata_No._18_in_E-Flat_Major,_Op._31_No._3_""The_Hunt""/III._Menuetto._Moderato_e_grazioso/07649.mid"
0.17362491716368456,262.0,0.011187806178725198,"Ludwig_van_Beethoven/Piano_Sonata_No._18_in_E-Flat_Major,_Op._31_No._3_""The_Hunt""/III._Menuetto._Moderato_e_grazioso/07651.mid"
0.15887863733144073,861.0,0.013464366931815169,"Ludwig_van_Beethoven/Piano_Sonata_No._29_in_B-Flat_Major,_Op._106_""Hammerklavier""/III._Adagio_sostenuto,_appassionato_e_con_molto_sentimento/07665.mid"
0.15657267233522973,1264.0,0.04839463460192402,"Ludwig_van_Beethoven/Piano_Sonata_No._29_in_B-Flat_Major,_Op._106_""Hammerklavier""/I._Allegro/07687.mid"
0.22569257040726945,1822.0,0.01724631242939528,"Ludwig_van_Beethoven/Piano_Sonata_No._29_in_B-Flat_Major,_Op._106_""Hammerklavier""/I._Allegro/07697.mid"
0.1189336753992139,226.0,0.007995362675452011,"Ludwig_van_Beethoven/Piano_Sonata_No._29_in_B-Flat_Major,_Op._106_""Hammerklavier""/II._Scherzo._Assai_vivace/07758.mid"
0.29117924871031026,916.0,0.06517986118975386,"Ludwig_van_Beethoven/Piano_Sonata_No._22_in_F_Major,_Op._54/I._In_tempo_d'un_minuetto/07778.mid"
0.12419583308741074,443.0,0.012283801068799909,"Ludwig_van_Beethoven/Piano_Sonata_No._28_in_A_Major,_Op._101/II._Lebhaft._Marschmassig/07869.mid"
0.11288137745653117,547.0,0.06569097414302624,"Ludwig_van_Beethoven/Piano_Sonata_No._28_in_A_Major,_Op._101/IV._Geschwind,_doch_nicht_zu_sehr,_und_mit_Entschlossenheit/07883.mid"
0.1454869672885822,705.0,0.03203813586357202,"Ludwig_van_Beethoven/Piano_Sonata_No._28_in_A_Major,_Op._101/IV._Geschwind,_doch_nicht_zu_sehr,_und_mit_Entschlossenheit/07899.mid"
0.15989935940939864,210.0,0.039996558181319294,"Ludwig_van_Beethoven/Piano_Sonata_No._28_in_A_Major,_Op._101/I._Etwas_lebhaft_und_mit_der_innigsten_Empfindung/07954.mid"
0.27811967550797245,1585.0,0.05127082256496228,"Ludwig_van_Beethoven/Piano_Sonata_No._8_in_C_Minor,_Op._13_""Pathétique""/I._Grave_-_Allegro_di_molto_e_con_brio/08027.mid"
0.28524211494943613,498.0,0.018404566871012717,"Ludwig_van_Beethoven/Piano_Sonata_No._8_in_C_Minor,_Op._13_""Pathétique""/II._Adagio_cantabile/08053.mid"
0.2663405290190518,465.0,0.0295092339179314,"Ludwig_van_Beethoven/Piano_Sonata_No._8_in_C_Minor,_Op._13_""Pathétique""/II._Adagio_cantabile/08054.mid"
0.2090629958966751,365.0,0.09015456167848128,"Ludwig_van_Beethoven/Piano_Sonata_No._8_in_C_Minor,_Op._13_""Pathétique""/II._Adagio_cantabile/08084.mid"
0.13918440548737546,243.0,0.012268672741129518,"Ludwig_van_Beethoven/Piano_Sonata_No._8_in_C_Minor,_Op._13_""Pathétique""/II._Adagio_cantabile/08089.mid"
0.11114702230084884,242.0,0.013186611736372306,Ludwig_van_Beethoven/Sonata_No._12_In_A_Flat_Op._26/3._Marcia_funebre_sulla_morte_d'un_Eroe_-_Live/08157.mid
0.17396246021952327,487.0,0.012788340902021854,"Ludwig_van_Beethoven/Piano_Sonata_No.15_in_D,_Op.28_-""Pastorale""/4._Rondo._Allegro_ma_non_troppo/08243.mid"
0.14762505152389496,369.0,0.07495821593152069,"Ludwig_van_Beethoven/Piano_Sonata_No.15_in_D,_Op.28_-""Pastorale""/2._Andante/08253.mid"
0.16602817447809326,415.0,0.08869258139216123,"Ludwig_van_Beethoven/Piano_Sonata_No.15_in_D,_Op.28_-""Pastorale""/2._Andante/08257.mid"
0.10321751569963387,258.0,0.025222091891131778,"Ludwig_van_Beethoven/Piano_Sonata_No.15_in_D,_Op.28_-""Pastorale""/2._Andante/08268.mid"
0.16920949982718608,298.0,0.013050837662136603,"Ludwig_van_Beethoven/Piano_Sonata_No._17_in_D_Minor,_Op._31_No._2_""Tempest""/II._Adagio/08338.mid"
0.2566533353083494,452.0,0.00805598204408818,"Ludwig_van_Beethoven/Piano_Sonata_No._17_in_D_Minor,_Op._31_No._2_""Tempest""/II._Adagio/08339.mid"
0.11697032538389374,206.0,0.05526211367359685,"Ludwig_van_Beethoven/Piano_Sonata_No._17_in_D_Minor,_Op._31_No._2_""Tempest""/II._Adagio/08353.mid"
0.3033104207046533,1204.0,0.09804256782812859,"Ludwig_van_Beethoven/Piano_Sonata_No._17_in_D_Minor,_Op._31_No._2_""Tempest""/I._Largo_-_Allegro/08414.mid"
0.11605868584803335,481.5,0.04496711021531847,"Ludwig_van_Beethoven/Piano_Sonata_No._27_in_E_Minor,_Op._90/II._Nicht_zu_geschwind_und_sehr_singbar_vorgetragen/08490.mid"
0.1418495049253741,588.5,0.06649099868854395,"Ludwig_van_Beethoven/Piano_Sonata_No._27_in_E_Minor,_Op._90/II._Nicht_zu_geschwind_und_sehr_singbar_vorgetragen/08492.mid"
0.21218126568899456,584.0,0.0722149408567947,"Ludwig_van_Beethoven/Piano_Sonata_No._27_in_E_Minor,_Op._90/I._Mit_Lebhaftigkeit_und_durchaus_mit_Empfindung_und_Ausdruck/08527.mid"
0.11117717003567182,306.0,0.08397145241775061,"Ludwig_van_Beethoven/Piano_Sonata_No._27_in_E_Minor,_Op._90/I._Mit_Lebhaftigkeit_und_durchaus_mit_Empfindung_und_Ausdruck/08528.mid"
0.10790725326991676,297.0,0.0909146868086922,"Ludwig_van_Beethoven/Piano_Sonata_No._27_in_E_Minor,_Op._90/I._Mit_Lebhaftigkeit_und_durchaus_mit_Empfindung_und_Ausdruck/08529.mid"
0.18384198705245078,506.0,0.057814962195823875,"Ludwig_van_Beethoven/Piano_Sonata_No._27_in_E_Minor,_Op._90/I._Mit_Lebhaftigkeit_und_durchaus_mit_Empfindung_und_Ausdruck/08542.mid"
0.13624653190646055,375.0,0.04357952450579183,"Ludwig_van_Beethoven/Piano_Sonata_No._27_in_E_Minor,_Op._90/I._Mit_Lebhaftigkeit_und_durchaus_mit_Empfindung_und_Ausdruck/08543.mid"
0.15840930109657814,436.0,0.0606060032122183,"Ludwig_van_Beethoven/Piano_Sonata_No._27_in_E_Minor,_Op._90/I._Mit_Lebhaftigkeit_und_durchaus_mit_Empfindung_und_Ausdruck/08544.mid"
0.19156556903523975,414.5,0.0047791683134841036,"Ludwig_van_Beethoven/Bagatelles,_Op._33/No._5_in_C_Major/08561.mid"
0.20404390525707683,441.5,0.0040114363878737585,"Ludwig_van_Beethoven/Bagatelles,_Op._33/No._5_in_C_Major/08562.mid"
0.1417784142689754,605.0,0.060132433923136656,"Ludwig_van_Beethoven/Piano_Sonata_No._24_in_F-Sharp_Major,_Op._78_""For_Therese""/1._Adagio_cantabile_-_Allegro_ma_non_troppo/08568.mid"
0.1527147150988041,298.5,0.0018598884066957531,"Ludwig_van_Beethoven/Piano_Sonata_No._24_in_F-Sharp_Major,_Op._78_""For_Therese""/2._Allegro_vivace/08589.mid"
0.12508793246786468,244.5,0.07247660378472502,"Ludwig_van_Beethoven/Piano_Sonata_No._24_in_F-Sharp_Major,_Op._78_""For_Therese""/2._Allegro_vivace/08597.mid"
0.11076293406663683,216.5,0.018398533984785304,"Ludwig_van_Beethoven/Piano_Sonata_No._24_in_F-Sharp_Major,_Op._78_""For_Therese""/2._Allegro_vivace/08605.mid"
0.25216715036324666,578.0,0.06521660117611201,"Ludwig_van_Beethoven/Piano_Sonata_No._11_in_B-Flat_Major,_Op._22/II._Adagio_con_molto_espressione/08819.mid"
0.25163875570379635,1552.0,0.0,"Ludwig_van_Beethoven/Piano_Sonata_No._14_in_C-Sharp_Minor,_Op._27_No._2_""Moonlight""/3._Presto_agitato/08896.mid"
0.23549324027832919,230.0,0.07143898882771095,"Ludwig_van_Beethoven/Piano_Sonata_No._14_in_C-Sharp_Minor,_Op._27_No._2_""Moonlight""/2._Allegretto/09026.mid"
0.10709233391015982,939.0,0.0734319276710856,"Ludwig_van_Beethoven/Piano_Sonata_No._32_in_C_Minor,_Op._111/II._Arietta._Adagio_molto_semplice_e_cantabile/09030.mid"
0.14849224574124398,1302.0,0.0514892947430536,"Ludwig_van_Beethoven/Piano_Sonata_No._32_in_C_Minor,_Op._111/II._Arietta._Adagio_molto_semplice_e_cantabile/09059.mid"
0.1849880357851749,1622.0,0.0482404859450331,"Ludwig_van_Beethoven/Piano_Sonata_No._32_in_C_Minor,_Op._111/II._Arietta._Adagio_molto_semplice_e_cantabile/09060.mid"
0.2828423728404647,2480.0,0.04799322477287036,"Ludwig_van_Beethoven/Piano_Sonata_No._32_in_C_Minor,_Op._111/II._Arietta._Adagio_molto_semplice_e_cantabile/09061.mid"
0.14073689035690864,1234.0,0.05792887461177924,"Ludwig_van_Beethoven/Piano_Sonata_No._32_in_C_Minor,_Op._111/II._Arietta._Adagio_molto_semplice_e_cantabile/09073.mid"
0.2848670365410369,1489.0,0.09395037649636388,"Ludwig_van_Beethoven/Piano_Sonata_No._32_in_C_Minor,_Op._111/I._Maestoso_-_Allegro_con_brio_ed_appassionato/09081.mid"
0.12741534340922134,666.0,0.016678218907870853,"Ludwig_van_Beethoven/Piano_Sonata_No._32_in_C_Minor,_Op._111/I._Maestoso_-_Allegro_con_brio_ed_appassionato/09118.mid"
0.15289432513156023,258.0,0.020410174187228295,"Ludwig_van_Beethoven/Piano_Sonata_No.5_in_C_minor,_Op.10_No.1/2._Adagio_molto/09176.mid"
0.1305216522607827,601.0,0.042571350719233174,"Ludwig_van_Beethoven/Piano_Sonata_No.16_in_G,_Op.31_No.1/1._Allegro_vivace/09229.mid"
0.1153194631455501,531.0,0.05246588438648082,"Ludwig_van_Beethoven/Piano_Sonata_No.16_in_G,_Op.31_No.1/1._Allegro_vivace/09231.mid"
0.3974358974358974,310.0,0.08333810806165134,"George_Frideric_Handel/Harpsichord_Suite_No._5_in_E_Major,_HWV_430/III._Courante_(from_""Suites_de_Pièces_pour_le_Clavecin_I"",_1720)/09370.mid"
0.3974358974358974,310.0,0.08333810806165134,"George_Frideric_Handel/Harpsichord_Suite_No._5_in_E_Major,_HWV_430/III._Courante_(from_""Suites_de_Pièces_pour_le_Clavecin_I"",_1720)/09375.mid"
0.11470659261048056,237.5,0.05996581620389059,"Frederic_Chopin/12_Études,_Op._10/No._3_in_E_Major_""Tristesse""/09502.mid"
0.13354262255493843,276.5,0.037483368408662,"Frederic_Chopin/12_Études,_Op._10/No._3_in_E_Major_""Tristesse""/09503.mid"
0.11606145251396649,277.0,0.04121013932651413,"Frederic_Chopin/12_Études,_Op._10/No._10_in_A-Flat_Major/09514.mid"
0.10551478140698825,226.0,0.0645122618507171,"Frederic_Chopin/12_Études,_Op._10/No._11_in_E-Flat_Major/09516.mid"
0.11111733617196108,238.0,0.06205523169290819,"Frederic_Chopin/12_Études,_Op._10/No._11_in_E-Flat_Major/09519.mid"
0.1484677012717799,318.0,0.0,"Frederic_Chopin/12_Études,_Op._10/No._11_in_E-Flat_Major/09550.mid"
0.15452845948848495,518.0,0.0858993933433064,"Frederic_Chopin/12_Études,_Op._25/No._10_in_B_Minor/09586.mid"
0.13275128276520426,445.0,0.0789683471888915,"Frederic_Chopin/12_Études,_Op._25/No._10_in_B_Minor/09587.mid"
0.10030951358922802,277.5,0.0156646527657929,"Frederic_Chopin/12_Études,_Op._25/No._12_in_C_Minor/09703.mid"
0.11812961443806398,270.0,0.019500028343064312,"Frederic_Chopin/12_Études,_Op._25/No._5_in_E_Minor/09718.mid"
0.6072737216297511,1388.0,0.07047280612401387,"Frederic_Chopin/12_Études,_Op._25/No._5_in_E_Minor/09729.mid"
0.24457205359584358,559.0,0.03147168740268322,"Frederic_Chopin/12_Études,_Op._25/No._5_in_E_Minor/09731.mid"
0.24675963904840031,564.0,0.001354758654491517,"Frederic_Chopin/12_Études,_Op._25/No._5_in_E_Minor/09732.mid"
0.1610062893081761,368.0,0.050646201956349036,"Frederic_Chopin/12_Études,_Op._25/No._5_in_E_Minor/09733.mid"
0.14735487277647602,235.0,0.056793462906393394,"Frederic_Chopin/12_Études,_Op._25/No._7_in_C-Sharp_Minor/09769.mid"
0.1724387769888422,340.0,0.01666853874889286,"Frederic_Chopin/Nocturne_in_G_Major,_Op._37_No._2/Nocturne_No._12_in_G_Major,_Op._37,_No._2/10113.mid"
0.18916681993746554,374.0,0.00358319340334444,"Frederic_Chopin/Piano_Sonata_No._3_in_B_Minor,_Op._58/III._Largo/10154.mid"
0.1937189626632334,383.0,0.0,"Frederic_Chopin/Piano_Sonata_No._3_in_B_Minor,_Op._58/III._Largo/10155.mid"
0.3420973067108493,1571.5,0.08921851488609278,"Frederic_Chopin/Piano_Sonata_No._3_in_B_Minor,_Op._58/IV._Finale._Presto_non_tanto/10187.mid"
0.4777144641323863,680.0,0.06906159141693408,"Frederic_Chopin/24_Préludes,_Op._28/No._24_in_D_Minor:_Allegro_appassionato/10260.mid"
0.22550932792131764,321.0,0.03032688103620511,"Frederic_Chopin/24_Préludes,_Op._28/No._24_in_D_Minor:_Allegro_appassionato/10261.mid"
0.22902193427523224,326.0,0.028821074361181535,"Frederic_Chopin/24_Préludes,_Op._28/No._24_in_D_Minor:_Allegro_appassionato/10263.mid"
0.15233769111455794,375.0,0.06106531561312037,"Frederic_Chopin/24_Préludes,_Op._28/No._17_in_A-Flat_Major:_Allegretto/10301.mid"
0.1772622718152009,1811.0,0.003398630799425845,"Franz_Liszt/Mephisto_Waltz_No._1,_S.514/10469.mid"
0.10445268048233021,667.0,0.01428378079447434,"Alexander_Scriabin/Piano_Sonata_No.6,_Op.62/10489.mid"
0.12169643789825552,932.0,0.004734237636441041,"Robert_Schumann/Toccata_in_C_Major,_Op._7/10546.mid"
0.11333960096103625,868.0,0.014408590442716794,"Robert_Schumann/Toccata_in_C_Major,_Op._7/10563.mid"
0.1854173195445524,1420.0,0.014407509720756332,"Robert_Schumann/Toccata_in_C_Major,_Op._7/10564.mid"
0.1062885197952575,814.0,0.030231845931197106,"Robert_Schumann/Toccata_in_C_Major,_Op._7/10565.mid"
0.12185467910658751,646.5,0.03501011701373877,"Johann_Sebastian_Bach/Chromatic_Fantasia_and_Fugue_in_D_Minor,_BWV_903/10575.mid"
0.38090526836507543,308.0,0.098354871168871,"Johann_Sebastian_Bach/Invention_No.2_in_C_minor,_BWV773/10599.mid"
0.17790112610813835,891.0,0.0,"Johann_Sebastian_Bach/Toccata_in_D_Major,_BWV_912/10606.mid"
0.10751885394012184,523.0,0.012737762038042036,"Claude_Debussy/L'Isle_joyeuse,_L.106/10642.mid"
0.2508087988660586,1220.0,0.09413689881190249,"Claude_Debussy/L'Isle_joyeuse,_L.106/10654.mid"
0.14723611096240938,573.0,0.04487588422667636,"Maurice_Ravel/Jeux_d'eau,_M._30/10688.mid"
0.10175479919915204,396.0,0.07695315526546105,"Maurice_Ravel/Jeux_d'eau,_M._30/10689.mid"
0.10303958201732315,401.0,0.09961339860927829,"Maurice_Ravel/Jeux_d'eau,_M._30/10693.mid"
0.11563045363540005,450.0,0.09231176263152577,"Maurice_Ravel/Jeux_d'eau,_M._30/10709.mid"
0.19430419690754183,3284.0,0.07051252065799907,"Johannes_Brahms/Variations_and_Fugue_on_a_Theme_by_Handel,_Op._24/10761.mid"
0.10543546860208268,1782.0,0.03639817400341159,"Johannes_Brahms/Variations_and_Fugue_on_a_Theme_by_Handel,_Op._24/10762.mid"
0.10389712843168193,1756.0,0.03632496915596537,"Johannes_Brahms/Variations_and_Fugue_on_a_Theme_by_Handel,_Op._24/10763.mid"
0.11075225407078455,411.5,0.00022748048018280325,"Wolfgang_Amadeus_Mozart/Adagio_in_B_minor,_K.540/10779.mid"
0.11075225407078455,411.5,0.00022748048018291585,"Wolfgang_Amadeus_Mozart/Adagio_in_B_minor,_K.540/10780.mid"
0.2655737704918033,270.0,0.05990245005511989,"Wolfgang_Amadeus_Mozart/Kleine_Gigue_in_G,_K.574/10832.mid"
0.254337899543379,278.5,0.07467125517369731,"Domenico_Scarlatti/Keyboard_Sonata_in_A_Major,_K.322/10842.mid"
0.16910837295042205,871.5,0.019584296349945744,"Ludwig_van_Beethoven/Six_Variation_in_D_Major,_Op._76/10874.mid"
0.16910837295042205,871.5,0.019584296349945744,"Ludwig_van_Beethoven/Six_Variation_in_D_Major,_Op._76/10875.mid"
0.1356968215158924,888.0,0.03214928861049036,"Ludwig_van_Beethoven/Six_Variation_in_F_Major,_Op._34/10909.mid"
0.1356968215158924,888.0,0.032149288610490497,"Ludwig_van_Beethoven/Six_Variation_in_F_Major,_Op._34/10910.mid"
0.12129192638308607,616.0,0.035043199762419576,"Frederic_Chopin/Ballade_No._1_in_G_Minor,_Op._23/10946.mid"
0.20005291754093418,1016.0,0.0628212988889167,"Frederic_Chopin/Ballade_No._1_in_G_Minor,_Op._23/10953.mid"
0.18374366401158582,362.5,0.0011600822895777828,"Frederic_Chopin/Waltz_No.10_in_B_minor,_Op.69,_No.2/11022.mid"
0.21010137581462707,414.5,0.04434202262246312,"Frederic_Chopin/Waltz_No.10_in_B_minor,_Op.69,_No.2/11027.mid"
0.25368738863591367,1708.5,0.008355512677689405,"Frederic_Chopin/Polonaise-fantaisie_in_A-Flat_Major,_Op._61/11033.mid"
0.10995347455949317,740.5,0.09635642407013428,"Frederic_Chopin/Polonaise-fantaisie_in_A-Flat_Major,_Op._61/11034.mid"
0.12427731134684028,772.5,0.024412273640779105,"Frederic_Chopin/Polonaise_in_A-Flat_Major,_Op._53/11073.mid"
0.10232772528232312,444.0,0.016204937208574622,"Frederic_Chopin/Waltz_No.1_in_E_Flat,_Op.18_-""Grande_valse_brillante""/11094.mid"
0.133312443919044,260.0,0.005429695696147767,"Frederic_Chopin/Waltz_No.3_in_A_Minor,_Op.34_No.2/11134.mid"
0.15638575152041703,305.0,0.011624052443477898,"Frederic_Chopin/Waltz_No.3_in_A_Minor,_Op.34_No.2/11154.mid"
0.12049393969605901,235.0,0.005433623301135606,"Frederic_Chopin/Waltz_No.3_in_A_Minor,_Op.34_No.2/11155.mid"
0.21432539060830924,418.0,0.03894333810115373,"Frederic_Chopin/Waltz_No.3_in_A_Minor,_Op.34_No.2/11165.mid"
0.13738007380073802,657.0,0.018516889539881655,Frederic_Chopin/Barcarolle_Op._60/11196.mid
0.13325442186073252,597.0,0.05627050779356551,"Frederic_Chopin/Ballade_No._3_in_A-Flat_Major,_Op._47/11287.mid"
0.2647231898271839,1186.0,0.0,"Frederic_Chopin/Ballade_No._3_in_A-Flat_Major,_Op._47/11294.mid"
0.15375736253310668,748.0,0.02437291602075112,"Frederic_Chopin/Barcarolle_in_F-Sharp_Major,_Op._60/11376.mid"
0.6207850733288532,3020.0,0.06142234876663332,"Frederic_Chopin/Barcarolle_in_F-Sharp_Major,_Op._60/11386.mid"
0.1120290943590149,545.0,0.00018427911521291343,"Frederic_Chopin/Barcarolle_in_F-Sharp_Major,_Op._60/11396.mid"
0.2013282788210056,527.0,0.09155476608545599,"Frederic_Chopin/Impromptu_No._3_in_G-Flat_Major,_Op._51/11409.mid"
0.11537218255017778,302.0,0.0,"Frederic_Chopin/Impromptu_No._3_in_G-Flat_Major,_Op._51/11410.mid"
0.12377677862999206,324.0,0.09313462146603767,"Frederic_Chopin/Impromptu_No._3_in_G-Flat_Major,_Op._51/11411.mid"
0.24364279538809802,1273.0,0.074240364434268,"Frederic_Chopin/Scherzo_No._1_in_B_Minor,_Op._20,_B._65/11435.mid"
0.5615587832441282,3453.0,0.0995388060759808,"Frederic_Chopin/Ballade_No._4_in_F_Minor,_Op._52,_B._146/11465.mid"
0.20780230332564686,1223.5,0.08436060942911626,"Frederic_Chopin/Scherzo_No._2_in_B-Flat_Minor,_Op._31,_B._111/11518.mid"
0.27183292723555197,1600.5,0.0781707341117686,"Frederic_Chopin/Scherzo_No._2_in_B-Flat_Minor,_Op._31,_B._111/11521.mid"
0.10452786572189557,416.0,0.06896789544467068,"Frederic_Chopin/Waltz_No._2_in_A-Flat_Major,_Op._34,_No._1,_""Valse_brillante""/11535.mid"
0.10754309261771948,428.0,0.043379459205489496,"Frederic_Chopin/Waltz_No._2_in_A-Flat_Major,_Op._34,_No._1,_""Valse_brillante""/11538.mid"
0.1928173374613003,346.0,0.020815058839461994,"Frederic_Chopin/Waltz_No._13_in_D-Flat_Major,_Op._70,_No._3/11547.mid"
0.15325077399380807,275.0,0.0432547401914288,"Frederic_Chopin/Waltz_No._13_in_D-Flat_Major,_Op._70,_No._3/11552.mid"
0.30544285386205317,798.0,0.0955070883565739,"Frederic_Chopin/Impromptu_No._2_in_F-Sharp_Major,_Op._36/11556.mid"
0.11865574523463217,310.0,0.038531078509432534,"Frederic_Chopin/Impromptu_No._2_in_F-Sharp_Major,_Op._36/11557.mid"
0.10151429671618803,436.0,0.053764179216613944,"Frederic_Chopin/Ballade_No._2_in_F_Major,_Op._38/11572.mid"
0.12037360413364498,517.0,0.03990231946151371,"Frederic_Chopin/Ballade_No._2_in_F_Major,_Op._38/11575.mid"
0.2975579614754319,1278.0,0.05046718051970427,"Frederic_Chopin/Ballade_No._2_in_F_Major,_Op._38/11578.mid"
0.1236550029653478,208.5,0.04406974082896309,"Frederic_Chopin/Nocturne_No._7_in_C-Sharp_Minor,_Op._27_No._1/11620.mid"
0.2812243127965153,1738.0,0.03519139590605553,"Frederic_Chopin/Scherzo_No._4_in_E_Major,_Op._54,_B._148/11643.mid"
0.22118725511939086,1088.0,0.0038530240596359863,"Frederic_Chopin/Scherzo_No._3_in_C-Sharp_Minor,_Op._39,_B._125/11674.mid"
0.24720928513343682,1216.0,0.011308631815587309,"Frederic_Chopin/Scherzo_No._3_in_C-Sharp_Minor,_Op._39,_B._125/11685.mid"
